id_cd,ten_Chu_De
1,Bình luận nhiều
2,Quỹ Hy vọng
3,Không gian sống
4,Dấu chân
5,Blockchain
6,Cuộc sống đó đây
7,Du học
8,Cooking
9,Điểm đến
10,Giới sao
11,Dự án
12,Lịch thi đấu
13,Thảo luận
14,Khỏe đẹp
15,Chứng khoán
16,Nhịp sống
17,Hàng hóa
18,Chính sách
19,Bài học sống
20,Tiêu dùng
21,Mekong
22,Công nghệ
23,Đàn ông
24,Bóng đá
25,Phân tích
26,Chính trị
27,Tennis
28,Chân dung
29,Tiền của tôi
30,Giáo dục 4.0
31,Các môn khác
32,Môi trường
33,Vaccine
34,Thường thức
35,Các bệnh
36,Vĩ mô
37,Kinh doanh & quản trị
38,Marathon
39,Lao động - Việc làm
40,Ebank
41,Văn hóa & lối sống
42,Covid 19
43,Sách
44,Sân khấu - Mỹ thuật
45,Y tế & sức khỏe
46,Thị trường
47,Tư liệu
48,Thời trang
49,Chính trị & chính sách
50,Giao thông
51,Tin tức
52,Phim
53,Thế giới tự nhiên
54,Người Việt 5 châu
55,Tuyển sinh
56,Hồ sơ phá án
57,Kinh nghiệm
58,Hậu trường
59,Tổ ấm
60,Dinh dưỡng
61,Học tiếng Anh
62,Dân sinh
63,Doanh nghiệp
64,Quân sự
65,Nhạc
66,Làm đẹp
67,Ẩm thực
68,Sản phẩm
69,Quốc tế
70,Phát minh
71,Khoa học trong nước
72,Giáo dục & tri thức
73,Ứng dụng
74,Bảo hiểm
