id_au,ten_Tac_Gia
1,
2,Thanh Nga
3,Thanh Trà
4,Thục Linh
5,Nguyễn Thu Giang
6,Quỳnh Chi
7,"Thạc sĩ, bác sĩ Nguyễn Văn Hậu"
8,Quỹ Hy Vọng
9,Nguyễn Duy Thịnh
10,Đức Minh
11,Thanh Hằng - Dương Tâm
12,Hoài Anh
13,Ngạn Bình
14,Thanh Hằng - Lệ Nguyễn
15,Oppo A60 (chưa công bố giá)
16,Bình Minh - Huy Quân
17,Đặng Ngọc Lan
18,Lê Tân
19,An Thu
20,all
21,Đào Việt Hằng
22,Huy Đức
23,Minh Vũ
24,Thế Đan
25,Như Tâm
26,Đức Trung
27,Hoàng Dung
28,Vũ Hoàng
29,Phan Kỳ
30,Quỳnh Mai
31,Moon Nguyen
32,Vĩnh Phạm
33,Quang Cường
34,Phương Dung
35,Đông Huyền
36,Hoàng An
37,Yên Khánh - Phước Tuấn
38,Thiên Minh
39,Quỳnh Trần - Đình Văn
40,Lưu ý khi xếp chồng máy sấy lên máy giặt
41,Thanh Hoa
42,Lê Nguyễ
43,Lê Tuyết - Phước Tuấn
44,Tú Anh
45,Đức Trung - Đoàn Ninh
46,Thu Thảo
47,Đoàn Loan
48,Đình Văn
49,Anh Tú
50,Xuân Bình
51,Uyên Trinh
52,Nguyễn Tiến
53,Diệp Chi
54,PTE Listening
55,Đỗ Nam - Xanh Lê
56,Quang Nguyen
57,Lưu Khương
58,Dung Tân
59,Vân Anh - Quỳnh Anh
60,79
61,Hà Thu - Tân Chi
62,Hoàng Phương
63,Vy Yến
64,Vũ Anh
65,Minh Phương
66,t
67,Anh Duy
68,Thi Quân
69,Hiếu Châu
70,Hùng Hạnh
71,Tất Đạt
72,(Ảnh tư liệu)
73,Bác sĩ Trần Thị Trà Phương
74,Đinh Tiên
75,Hoàng Giang - Khương Nha
76,Mỹ Anh
77,Thùy Linh
78,Anh Minh - Sơn Hà
79,Trả lời từ chuyên gia
80,Lộc Chung - Anh Phú
81,Quang Bảo - Bùi Toàn
82,82
83,Vân Anh
84,Minh Sơn - Viết Tuân
85,276
86,- Bảo Lâm
87,Hoàng Anh
88,Bác sĩ Đoàn Vĩnh Bình
89,Vốn hóa lớn (Largecap)
90,Linh Bùi
91,Khuất Giang
92,Quang Anh
93,Quế Chi - Thanh Tùng
94,Việt An
95,Tiên Long
96,Hải Thư
97,Nguyễn Hoài Thu
98,Khương Nha - Châu An
99,Đinh Thu Hồng
100,Linh Linh - Trần Minh
101,Thu Hương
102,Lương Dũng
103,Phạm Minh Ngọc
104,Đoàn Dương
105,Xuân Hoa
106,Trần Thị Mai Hân
107,40
108,Quỳnh Anh - Vân Anh
109,Bùi Thủy
110,Skechers Friendship Walk 2024
111,Ngọc Ngân
112,Lục Bảo
113,Dương Tâm - Thanh Hằng
114,Nghinh Xuân
115,Thảo Chi
116,Đoàn Minh Tuấn
117,Vân Khanh
118,Hồng Duy
119,Như Anh
120,Các tập
121,Trung Thu
122,Quốc Quyền
123,Thành Nhạn
124,Phạm Lê Duy Nhân
125,Trần Mạnh Hoàng Việt
126,Chí Phú
127,Ý Ly
128,Phước Tuấn - Lê Tuyết
129,Duy Đoàn
130,Sao Mai
131,Vân Nguyễn
132,Anh Thu
133,Hội An
134,Giang My
135,Thắng Vũ
136,Trịnh Hằng
137,Trái phiếu doanh nghiệp
138,Trường Hà - Khánh Hương
139,Phương
140,Hà Thu
141,Tuệ Minh
142,Quỳnh Trần
143,Ngọc Thành
144,Lê Duy Thảo
145,Ngọc Thành - Việt An
146,Bích Phương
147,BS.CKII Mã Thanh Phong
148,Văn Hà
149,Ly Nguyễn
150,Hoàng Nam
151,Đắc Thành - Bích Phương
152,Mai Cat
153,Đình Diệu
154,Phương Ánh
155,Việt Quốc
156,Tất Đạt - Quỳnh Trang
157,Chi Lê
158,Lâm Thoả
159,Minh Khang
160,Thanh Thanh
161,Ảnh:
162,Vũ Hoàng - Vũ Anh
163,BS.CKI Đỗ Anh Tuấn
164,Phương Thảo
165,Hải Hiền - Quỳnh Nguyễn
166,Phước Tuấn
167,Kim Ánh
168,Tam Kỳ
169,Hạ Giang
170,Vy An - Lê Hoàng - Đức Hùng
171,Ngọc Oanh
172,Gia Chính - Đức Trí
173,Minh Giang
174,Bùi Toàn
175,Phạm Giang
176,Phiên An
177,1. Lionel Messi.
178,Lệ Nguyễn - Lê Tuyết
179,Tuệ Anh
180,"Anh Chi, Bảo Bảo"
181,Lệ Nguyễn
182,Minh Nga
183,Lê Phương
184,BS.CKI Vũ Năng Phúc
185,Hoàng Giang
186,Thúy Quỳnh
187,Minh Đức
188,Sơn Hà
189,Trang Vy
190,Lê Tuyết
191,Lê Tùng
192,Lương Huy Hà
193,Lê Hoàng
194,Hà Thanh Vân
195,Phạm Dự - Sơn Hà
196,Đắc Thành - Trọng Khang
197,Thúy Hạnh
198,Thoại Giang - Lệ Nguyễn
199,Phan Chí Thành
200,Tâm Phan
201,Vĩnh Hà
202,67
203,Như Ý
204,Hoài Phong
205,Vũ Anh - Như Tâm
206,Minh Anh
207,Á Hiên
208,Phương Linh
209,Thùy An
210,Nam - Chúc Ly
211,Minh Minh
212,Thanh Hằng - Bình Minh
213,Bùi Minh Đức
214,Thanh Danh - Đức Trung
215,Mai Nhật - Quỳnh Trần
216,Quang Dũng
217,Tú Nguyễn
218,Nguyễn Ly
219,Phương Hoàng
220,Hoàng Thùy
221,Gia Huy
222,Bình Minh
223,Ngọc Tuấn
224,Dương Tâm - Lệ Nguyễn
225,Tư Huynh
226,Dương Tâm - Thanh Hằng - Nhật Lệ
227,Quốc Huy
228,Thanh Thanh - Quế Chi
229,Doãn Hùng
230,Bùi Toàn - Lê Nga
231,Minh Phạm
232,Lưu Quý
233,Showroom Posedius
234,Hoàng Nam - Thanh Tùng - Chúc Ly
235,Sơn Hà - Phạm Dự
236,Trang Đỗ
237,Hồng Thảo
238,Anh Ngọc
239,Hoàng Ngọc Quỳnh
240,Viết Tuân
241,Phan Dương
242,Bảo Lâm (
243,Anh Minh
244,Huyền Lê
245,Thy An
246,An Khang
247,Kim Anh - Thái Hưng
248,Hà Lê
249,Bình Minh - Nhật Lệ
250,Mộc Thảo
251,Lan Anh
252,Đức Hùng
253,Hồng Châu
254,www.facebook.com/datviettour
255,Nguyễn An Huy
256,Lê Tuyết - Việt Đức
257,Võ Hải
258,Nhật Minh
259,Vy An
260,ỹ Cầm
261,Antom Lê
262,Hoàng Liên Sơn
263,Vạn Phát
264,Nguyễn Đông - Đắc Thành
265,Hồng Hạnh
266,Văn Trang
267,Quế Chi
268,Việt An - Ngọc Thành
269,Thanh Thư
270,Lệ Nguyễn - Dương Tâm
271,Thanh Tùng
272,Võ Thạnh
273,Thanh Danh
274,Ngọc Thành - Hồng Chiêu
275,Đức Trung - Vũ Anh
276,Quỳnh Anh
277,Quỳnh Trần - Phước Tuấn
278,Nguyễn Thị Thu Uyên
279,Giang Huy
280,Văn Lộc
281,18
282,Khương Nha
283,Đức Giang
284,An Bình
285,Thi Hà - Phương Dung
286,Thanh Giang
287,mentor
288,Hiếu Lương
289,An Minh
290,603
291,Thảo Nguyên - Doãn Hùng
292,Viễn Thông
293,Nguyễn Vũ
294,Minh Huy
295,Thi Hà
296,Quang Huy
297,Tuấn Hưng - Quang Đồng
298,Võ Thạnh - Nguyễn Đông
299,"Thạc sĩ, bác sĩ Lê Minh Thùy"
300,1.067
301,Kim Anh
302,Đức Đồng
303,Thành Nhạn - Tân Phan
304,Khánh Linh
305,Ngyễn Tiến
306,Thu Trang - Linh Hương
307,Nguyễn Phượng
308,Lâm Trần
309,Ngọc Diễm
310,Minh Nhật
311,Minh Sơn
312,San Francislong
313,Dỹ Tùng
314,Hoài Phương
315,Vỹ Cầm
316,Vân Anh - Vân Nguyễn
317,Hồng Chiêu
318,Thanh Quý
319,Trường Hà
320,Ngọc Thành - Phạm Chiểu
321,Thanh Nga - Quỳnh Nguyễn
322,Thảo Vân
323,Yên Chi
324,Quỳnh Trần - Thanh Tùng
325,Bảo Bảo
326,Vũ Anh - Nguyễn Tiến
327,Quỳnh Anh - Vân Nguyễn
328,Điệp Anh
329,Minh Tiến
330,Tân Cao
331,Thiên Lam
332,Thanh Hằng - Võ Hải
333,Hải Hiền
334,Lê Đình Vũ
335,Anh Phú
336,Thanh Võ
337,Khánh Đăng
338,Yến Tuyết
339,Đoàn Loan - Gia Chính
340,Tuấn Hưng
341,Khánh Hòa
342,Đặng Trần Tùng
343,Thanh Hằng - Bình Minh - Đức Hùng
344,Anh Thơ
345,Ánh Dương - Phạm Trung
346,Trần Hóa
347,Gia Chính
348,Tạ Thanh Tùng
349,Thanh Hằng - Võ Thạnh - Đức Hùng
350,Nguyễn Thị Thu Hương
351,Trà Anh Duy
352,Quang An
353,Tú Anh - Trần Minh
354,Anh Kỳ
355,Song Ngư
356,Huỳnh Kha
357,Vy Anh
358,Anh
359,Phụng Yến
360,Thanh Hằng - Tâm Lệ
361,Lê Nguyễn
362,Dương Tâm - Hồng Chiêu
363,Linh Hương
364,Minh Tú
365,Phạm Nga
366,Tâm Anh
367,Lê Minh
368,Phương Anh
369,Tuệ Diễm
370,Phạm Văn Thành
371,Loewe Union Square
372,Quang Phúc
373,Hà An
374,Bảo Lâm
375,Hoàng Mi
376,125
377,Huy Vũ
378,Đoàn Loan - Sơn Hà
379,Thảo Nguyên
380,Tú Anh - Nguyễn Minh
381,Olympia Travel
382,Trương Thành
383,Phi Hồng
384,Tiểu Gu
385,Kỳ Lân
386,Quỹ Hy vọng
387,Tân Chi
388,Tân Phan
389,Nhật Lệ
390,ThS.BS.CKI Nguyễn Thị Thục Như
391,Mai Nhật - Hà Thu
392,Giang Lê Trà
393,Thanh Hằng - Lệ Nguyễn - Dương Tâm
394,Dương Tâm
395,Nguyễn Hữu
396,Ngọc Ánh
397,Nhược điểm khi trung bình giá
398,Mỹ Hạnh
399,Hai Phượng
400,Thanh Hằng
401,Quỳnh Trang
402,Hoàng Minh
403,Thịnh Joey
404,Nguyên Chương
405,Mỹ Ý
406,31.229
407,Bảo Nhiên
408,Thái Anh
409,Nguyễn Thành Trung
410,Phạm Trung
411,Ái Trinh
412,Phạm Linh
413,Chi Lê - Quế Anh
414,Viễn Thông - Thi Hà
415,Quỳnh Nguyễn - Thanh Nga
416,Thúy Ngọc
417,Anh Chi
418,Khuê Lâm
419,Phương Anh - Tuấn Hưng
420,Nhật Linh
421,Nguyễn
422,Nguyễn Đông
423,Hải My
424,Thanh Hằng - Võ Thạnh
425,Lê Nga
426,Huy Phương
427,Quỳnh Trang - Tất Đạt
428,Công ty TNHH Dịch vụ Du lịch Anh Tuấn (AT Travel)
429,BS CKI Võ Thị Tường Duy
430,Công Khang
431,Mai Nhật
432,Linh Lê
433,Thanh Tâm
434,Quỳnh Trần - Ngọc Ngân
435,Đặng Thùy Trang
436,Đắc Thành
437,Gia Minh
438,Gia Minh - Thanh Tùng
439,Moon ESL
440,Việt An - Thi Hà
441,Ngọc Tài
442,Quỳnh Nguyễn
443,Hoài Thanh - Khánh Hương
444,Họa Mi
445,Phạm Dự
